URL,301 Redirect
https://resiliencymbmedicine.com/conservative-medication-management/,https://resiliencymbmedicine.com/medication-management
https://resiliencymbmedicine.com/tms-newportbeach/,https://resiliencymbmedicine.com/newport-beach
https://resiliencymbmedicine.com/accelerated-tms-newport-beach-ca/,https://resiliencymbmedicine.com/accelerated-tms
https://resiliencymbmedicine.com/tms-for-substance-abuse/,https://resiliencymbmedicine.com/substance-abuse
https://resiliencymbmedicine.com/medspa-newport-beach-ca/,https://resiliencymbmedicine.com/
https://resiliencymbmedicine.com/weight-loss-in-orange-county/,https://resiliencymbmedicine.com/weight-loss
https://resiliencymbmedicine.com/our-team/,https://resiliencymbmedicine.com/team
https://resiliencymbmedicine.com/accelerated-tms-brainsway-swift-protocol/,https://resiliencymbmedicine.com/accelerated-tms
https://resiliencymbmedicine.com/home,https://resiliencymbmedicine.com/
https://resiliencymbmedicine.com/tms-for-ptsd-orange-county/,https://resiliencymbmedicine.com/ptsd
https://resiliencymbmedicine.com/about-us/,https://resiliencymbmedicine.com/about
https://resiliencymbmedicine.com/nad-iv-therapy/,https://resiliencymbmedicine.com/nad-therapy
https://resiliencymbmedicine.com/spravato-treatment-in-orange-county/,https://resiliencymbmedicine.com/spravato-therapy
https://resiliencymbmedicine.com/adhd-treatment-in-orange-county/,https://resiliencymbmedicine.com/adhd
https://resiliencymbmedicine.com/treatment-for-suicidal-ideation-oragne-county/,https://resiliencymbmedicine.com/suicidal-ideation
https://resiliencymbmedicine.com/tms-for-anxiety-newport-beach-ca/,https://resiliencymbmedicine.com/anxiety
https://resiliencymbmedicine.com/integrative-psychiatry-orange-county/,https://resiliencymbmedicine.com/integrative-psychiatry
https://resiliencymbmedicine.com/cosmetic-injectables-newport-beach-ca/,https://resiliencymbmedicine.com/iv-vitamin-therapy
https://resiliencymbmedicine.com/tms-for-ocd-newport-beach-ca/,https://resiliencymbmedicine.com/ocd
https://resiliencymbmedicine.com/tms-for-depression-orange-county/,https://resiliencymbmedicine.com/depression
https://resiliencymbmedicine.com/tms-for-bipolar-disorder/,https://resiliencymbmedicine.com/bipolar
https://resiliencymbmedicine.com/autism-spectrum-support-orange-county/,https://resiliencymbmedicine.com/autism
https://resiliencymbmedicine.com/integrative-psychiatry-newport-beach-ca/,https://resiliencymbmedicine.com/integrative-psychiatry
https://resiliencymbmedicine.com/supplements-newport-beach-ca/,https://resiliencymbmedicine.com/supplements
https://resiliencymbmedicine.com/acceptable-use-policy/,https://resiliencymbmedicine.com/insurance
https://resiliencymbmedicine.com/accelerated-tms-orange-county/,https://resiliencymbmedicine.com/accelerated-tms
https://resiliencymbmedicine.com/home/,https://resiliencymbmedicine.com/
https://resiliencymbmedicine.com/our-reviews/,https://resiliencymbmedicine.com/reviews
https://resiliencymbmedicine.com/methylene-blue/,https://resiliencymbmedicine.com/
https://resiliencymbmedicine.com/wp-content/themes/hello-elementor/*,https://resiliencymbmedicine.com/
https://resiliencymbmedicine.com/no-surprises-act-compliance/,https://resiliencymbmedicine.com/
https://resiliencymbmedicine.com/iv-therapy-newport-beach-ca/,https://resiliencymbmedicine.com/iv-vitamin-therapy
https://resiliencymbmedicine.com/wp-content/themes/resiliency-theme/*,https://resiliencymbmedicine.com/
https://resiliencymbmedicine.com/our-team/stefani-lafrenierre-md/,https://resiliencymbmedicine.com/team
https://resiliencymbmedicine.com/our-team/heather-wong-dmsc-mpas-pa-c-caq-psych/,https://resiliencymbmedicine.com/team
https://resiliencymbmedicine.com/our-team/regina-dizon-pmhnp-bc/,https://resiliencymbmedicine.com/team
https://resiliencymbmedicine.com/our-team/milinda-estrada-pa-c/,https://resiliencymbmedicine.com/team
https://resiliencymbmedicine.com/faq-1,https://resiliencymbmedicine.com/tms-faq
https://resiliencymbmedicine.com/tms-for-restless-legs-syndrome-newport-beach-ca/,https://resiliencymbmedicine.com/
https://resiliencymbmedicine.com/prp-treatment-newport-beach-ca/,https://resiliencymbmedicine.com/
https://resiliencymbmedicine.com/blog-deep-tms-cost.php,https://resiliencymbmedicine.com/blog-deep-tms-cost
https://resiliencymbmedicine.com/blog/tms-for-depression-in-orange-county-patient-journey-results-and-what-to-know/,https://resiliencymbmedicine.com/depression
https://resiliencymbmedicine.com/blog/tms-anxiety-south-orange-county/,https://resiliencymbmedicine.com/anxiety
https://resiliencymbmedicine.com/blog/treating-ocd-with-tms-what-orange-county-patients-should-expect-from-first-session-to-results/,https://resiliencymbmedicine.com/blog-ocd-disability
https://resiliencymbmedicine.com/blog/tms-helps-veterans-ptsd-orange-county/,https://resiliencymbmedicine.com/ptsd
https://resiliencymbmedicine.com/blog/tms-for-anxiety-in-orange-county-integrating-brain-stimulation-with-therapy-and-lifestyle-changes/,https://resiliencymbmedicine.com/anxiety
https://resiliencymbmedicine.com/blog/10-reasons-prp-facials/,https://resiliencymbmedicine.com/
https://resiliencymbmedicine.com/blog/tms-therapy-for-high-performers-ending-the-cycle-of-workplace-stress/,https://resiliencymbmedicine.com/blog
https://resiliencymbmedicine.com/blog/building-mental-resilience-how-to-strengthen-your-mindset-in-orange-county/,https://resiliencymbmedicine.com/blog
https://resiliencymbmedicine.com/tms-for-substance-abuse-newport-beach-ca/,https://resiliencymbmedicine.com/substance-abuse
https://resiliencymbmedicine.com/blog/2023/10/28/,https://resiliencymbmedicine.com/blog
https://resiliencymbmedicine.com/blog/spravato-first-session-orange-county/,https://resiliencymbmedicine.com/spravato-therapy
https://resiliencymbmedicine.com/iv-ketamine-therapy-newport-beach-ca/,https://resiliencymbmedicine.com/spravato-therapy
https://resiliencymbmedicine.com/blog/transcranial-magnetic-stimulation-tms-demystifying-a-revolutionary-treatment-for-mental-health/,https://resiliencymbmedicine.com/
https://resiliencymbmedicine.com/adhd-treatment-orange-county/,https://resiliencymbmedicine.com/adhd
https://resiliencymbmedicine.com/wp-content/*,https://resiliencymbmedicine.com/
https://resiliencymbmedicine.com/blog/category/ptsd/feed/,https://resiliencymbmedicine.com/ptsd
https://resiliencymbmedicine.com/tms-for-bipolar-disorder-newport-beach-ca/,https://resiliencymbmedicine.com/bipolar
https://resiliencymbmedicine.com/blog/category/ptsd/,https://resiliencymbmedicine.com/ptsd
https://resiliencymbmedicine.com/tms-for-depression-newport-beach-ca/,https://resiliencymbmedicine.com/depression
https://resiliencymbmedicine.com/blog/spravato-esketamine-therapy-the-cutting-edge-approach-to-depression-treatment-in-oc/,https://resiliencymbmedicine.com/spravato-therapy
https://resiliencymbmedicine.com/wp-content/plugins/*,https://resiliencymbmedicine.com/
https://resiliencymbmedicine.com/integrative-psychiatry/,https://resiliencymbmedicine.com/integrative-psychiatry
https://resiliencymbmedicine.com/cognitive-enhancement-orange-county/,https://resiliencymbmedicine.com/cognitive-enhancement
https://resiliencymbmedicine.com/cannabis-induced-psychosis-dopamine/,https://resiliencymbmedicine.com/tms-for-cannabis-induced-psychosis
https://resiliencymbmedicine.com/supplements-that-can-offer-support-for-psychosis/,https://resiliencymbmedicine.com/supplements
https://resiliencymbmedicine.com/ketamine-for-anxiety-newport-beach-ca/,https://resiliencymbmedicine.com/spravato-therapy
https://resiliencymbmedicine.com/ketamine-for-substance-abuse-newport-beach-ca/,https://resiliencymbmedicine.com/substance-abuse
https://resiliencymbmedicine.com/tms-therapy-newport-beach-ca/,https://resiliencymbmedicine.com/newport-beach
https://resiliencymbmedicine.com/spravato-treatment-orange-county/,https://resiliencymbmedicine.com/spravato-therapy
https://resiliencymbmedicine.com/tms-treatment-dip/,https://resiliencymbmedicine.com/
https://resiliencymbmedicine.com/blog/aesthetics-and-mental-wellness,https://resiliencymbmedicine.com/blog
https://resiliencymbmedicine.com/tms-for-anxiety-newport-beach-ca,https://resiliencymbmedicine.com/anxiety
https://resiliencymbmedicine.com/spravato-treatment/,https://resiliencymbmedicine.com/spravato-therapy
https://resiliencymbmedicine.com/tms-newportbeach,https://resiliencymbmedicine.com/newport-beach
https://resiliencymbmedicine.com/blog/a-complete-guide-to-tms-therapy-for-depression-in-orange-county/,https://resiliencymbmedicine.com/blog
https://resiliencymbmedicine.com/blog/navigating-depression-recognizing-the-signs-preventing-relapse-and-promoting-recovery/,https://resiliencymbmedicine.com/blog
https://resiliencymbmedicine.com/tms-for-ptsd-newport-beach-ca,https://resiliencymbmedicine.com/ptsd
https://resiliencymbmedicine.com/tms-for-ptsd-newport-beach-ca/,https://resiliencymbmedicine.com/ptsd
https://resiliencymbmedicine.com/infrared-light-therapy-newport-beach-ca/,https://resiliencymbmedicine.com/
https://resiliencymbmedicine.com/5-benefits-of-longevity-medicine-you-need-to-know/,https://resiliencymbmedicine.com/
https://resiliencymbmedicine.com/concierge-psychiatry-newport-beach-ca/,https://resiliencymbmedicine.com/newport-beach
https://resiliencymbmedicine.com/amino-acid-iv-therapy-a-promising-approach-for-addiction-detox-and-recovery/,https://resiliencymbmedicine.com/
https://resiliencymbmedicine.com/blog/tms-for-ptsd-orange-county/,https://resiliencymbmedicine.com/ptsd
https://resiliencymbmedicine.com/the-power-of-plant-based-antioxidants/,https://resiliencymbmedicine.com/blog
https://resiliencymbmedicine.com/mental-clarity-treatment-orange-county/,https://resiliencymbmedicine.com/mental-clarity
https://resiliencymbmedicine.com/tms-for-condition-treatment/,https://resiliencymbmedicine.com/tms-therapy
https://resiliencymbmedicine.com/privacy-policy.,https://resiliencymbmedicine.com/compliance
https://resiliencymbmedicine.com/wp-*.php,https://resiliencymbmedicine.com/
https://resiliencymbmedicine.com/ptsd-tms/,https://resiliencymbmedicine.com/ptsd
"https://resiliencymbmedicine.com/,",https://resiliencymbmedicine.com/
https://resiliencymbmedicine.com/blog/spravato-treatment-guide-orange-county/,https://resiliencymbmedicine.com/spravato-therapy
https://resiliencymbmedicine.com/blog/aesthetic,https://resiliencymbmedicine.com/blog
https://resiliencymbmedicine.com/blog/nad/,https://resiliencymbmedicine.com/blog
https://resiliencymbmedicine.com/what-to-expect-tms/,https://resiliencymbmedicine.com/tms-therapy
https://resiliencymbmedicine.com/wp-includes/js/wp-emoji-release.min.js?ver=6.9.1,https://resiliencymbmedicine.com/
https://resiliencymbmedicine.com/blog/am-i-depressed/,https://resiliencymbmedicine.com/blog
https://resiliencymbmedicine.com/blog/category/nad-therapy/,https://resiliencymbmedicine.com/blog
https://resiliencymbmedicine.com/blog/menopause-mental-health-insights/,https://resiliencymbmedicine.com/blog
https://resiliencymbmedicine.com/navigating-depression-recognizing-the-signs-preventing-relapse-and-promoting-recovery/,https://resiliencymbmedicine.com/blog
https://resiliencymbmedicine.com/blog/the-power-of-plant-based-antioxidants/,https://resiliencymbmedicine.com/blog